"","t","volume","logvolume"
"1",0,10.5446985952325,2.35562323080365
"2",1,17.1005806631982,2.83911241984427
"3",2,30.6971814915823,3.42417084228675
"4",3,53.3772546842907,3.97738471298524
"5",4,92.9249469756564,4.53179214556875
"6",5,160.230921497424,5.07661603409495
"7",6,281.520589096957,5.64020558556924
"8",7,491.273181095863,6.19700035005155
"9",8,855.603216457593,6.75180673650178
"10",9,1492.80232912779,7.30841039033288
"11",10,2603.12655111788,7.86446852122264
